variant	canonical	count_2026_09_24	status	note
nahin	nahi	956	decided	R2 negative particle
ta'ala	taala	345	decided	R5 + ADR 0004 (capitalise Taala)
kuchh	kuch	344	decided	R3
unhe	unhein	216	decided	R2 oblique pronoun
tumhe	tumhein	158	decided	R2
unhen	unhein	93	decided	R2 oblique pronoun
ne'mat	nemat	45	decided	R5 apostrophe dropped
ne'maton	nematon	13	decided	R5 apostrophe dropped
baa'is	baais	12	decided	R5 apostrophe dropped
in'aam	inaam	11	decided	R5 apostrophe dropped
inhen	inhein	7	decided	R2
ita'at	itaat	5	decided	R5 apostrophe dropped
sha'oor	shaoor	4	decided	R5 apostrophe dropped
tumhen	tumhein	3	decided	R2
ne'maten	nematen	3	decided	R5 apostrophe dropped
qat'an	qatan	2	decided	R5 apostrophe dropped
humein	hamein	1	decided	R2
hitta'	hitta	1	decided	R5 apostrophe dropped
mal'oon	maloon	1	decided	R5 apostrophe dropped
raaina'	raaina	1	decided	R5 apostrophe dropped
unzurna'	unzurna	1	decided	R5 apostrophe dropped
qat'ee	qatee	1	decided	R5 apostrophe dropped
mash'ar-e-haraam	mashar-e-haraam	1	decided	R5 apostrophe dropped
ta'assub	taassub	1	decided	R5 apostrophe dropped
mashee'at	masheeat	1	decided	R5 apostrophe dropped
mas'ala	masala	1	decided	R5 apostrophe dropped
diljam'ee	diljamee	1	decided	R5 apostrophe dropped
mee'aad	meeaad	1	decided	R5 apostrophe dropped
ne'mat-o-fazl	nemat-o-fazl	1	decided	R5 apostrophe dropped
ta'alluq	taalluq	1	decided	R5 apostrophe dropped
laut'ta	lautta	1	decided	R5 apostrophe dropped
manfa'at	manfaat	1	decided	R5 apostrophe dropped
ita'at-guzari	itaat-guzari	1	decided	R5 apostrophe dropped
par	par	1889	keep	par/paar
wala	wala	861	keep	everyday
wale	wale	579	keep	everyday
pas	pas	477	keep	pas (so)/paas (near)
walon	walon	448	keep	everyday
har	har	388	keep	har/haar
ya	ya	362	keep	everyday
aye	aye	310	keep	aye (voc)/aaye (came)
tak	tak	271	keep	everyday
gaye	gaye	244	keep	gaye/gaaye (cow)
hon	hon	166	keep	hon/hoon
den	den	124	keep	den/deen
lo	lo	123	keep	everyday
len	len	104	keep	everyday
ja	ja	96	keep	everyday
pahuncha	pahuncha	90	keep	verb
ata	ata	86	keep	ata (grant)/aata (comes)
amal	amal	77	keep	amal/aamaal (sg/pl)
ghar	ghar	68	keep	ghar/ghaar (cave)
bhai	bhai	64	keep	everyday
hazrat	hazrat	53	keep	hazrat/hazraat (sg/pl)
chal	chal	51	keep	chal/chaal
kam	kam	50	keep	kam/kaam
nikal	nikal	50	keep	nikal/nikaal (intr/caus)
rahen	rahen	49	keep	rahen/raahen
rakh	rakh	46	keep	rakh/raakh
haalat	haalat	45	keep	haalat/haalaat (sg/pl)
guzar	guzar	44	keep	guzar/guzaar
bojh	bojh	32	keep	bojh/boojh
la	la	29	keep	la/laa
mar	mar	28	keep	mar/maar
chand	chand	23	keep	chand (few)/chaand (moon)
paane	paane	23	keep	paane/paani
chalne	chalne	22	keep	chalne/chaalne
bal	bal	21	keep	bal/baal
badal	badal	21	keep	badal/baadal
chalte	chalte	17	keep	chalte/chaalte
tale	tale	15	keep	tale/taale
wade	wade	15	keep	wade?
utar	utar	14	keep	utar/utaar (intr/caus)
mana	mana	13	keep	mana/maana
roze	roze	13	keep	roze/rozee
halat	halat	13	keep	haalat/haalaat
jaa	jaa	3	keep	everyday
bad	bad	2	keep	bad (evil)/baad (after)
ap	ap	1	keep	typo?
parwardigar	parwardigaar	142	decided	owner batch-01 2026-09-25
jawab	jawaab	118	decided	owner batch-01 2026-09-25
aasmanon	aasmaanon	114	decided	owner batch-01 2026-09-25
aasman	aasmaan	97	decided	owner batch-01 2026-09-25
bayan	bayaan	94	decided	owner batch-01 2026-09-25
maloom	maaloom	83	decided	owner batch-01 2026-09-25
farmaya	farmaaya	73	decided	owner batch-01 2026-09-25
wahan	wahaan	66	decided	owner batch-01 2026-09-25
yahan	yahaan	62	decided	owner batch-01 2026-09-25
wada	waada	49	decided	owner batch-01 2026-09-25
insan	insaan	44	decided	owner batch-01 2026-09-25
jahan	jahaan	44	decided	owner batch-01 2026-09-25
nishaaniyan	nishaaniyaan	43	decided	owner batch-01 2026-09-25
zyada	ziyaada	40	decided	owner 2026-09-25: ziyaada and ghalib are the house spellings
banaya	banaaya	38	decided	owner batch-01 2026-09-25
iman	imaan	37	decided	owner batch-01 2026-09-25
darmiyan	darmiyaan	36	decided	owner batch-01 2026-09-25
chahta	chaahta	32	decided	owner batch-01 2026-09-25
nishani	nishaani	32	decided	owner batch-01 2026-09-25
musalmanon	musalmaanon	30	decided	owner batch-01 2026-09-25
parhezgaron	parhezgaaron	29	decided	owner batch-01 2026-09-25
irada	iraada	29	decided	owner batch-01 2026-09-25
jao	jaao	28	decided	owner batch-01 2026-09-25
halaanke	haalaanke	26	decided	owner batch-01 2026-09-25
siwaye	siwaaye	26	decided	owner batch-01 2026-09-25
gunahgaar	gunaahgaar	25	decided	owner batch-01 2026-09-25
yani	yaani	24	decided	owner batch-01 2026-09-25
shaitan	shaitaan	23	decided	owner batch-01 2026-09-25
ziyada	ziyaada	23	decided	owner batch-01 2026-09-25
musalman	musalmaan	23	decided	owner batch-01 2026-09-25
chahe	chaahe	21	decided	owner batch-01 2026-09-25
chahiye	chaahiye	21	decided	owner batch-01 2026-09-25
jihad	jihaad	20	decided	owner batch-01 2026-09-25
chahte	chaahte	19	decided	owner batch-01 2026-09-25
paidaish	paidaaish	19	decided	owner batch-01 2026-09-25
dadon	daadon	19	decided	owner batch-01 2026-09-25
meharban	meharbaan	18	decided	owner batch-01 2026-09-25
gawah	gawaah	18	decided	owner batch-01 2026-09-25
karsaz	kaarsaaz	18	decided	owner batch-01 2026-09-25
kahan	kahaan	17	decided	owner batch-01 2026-09-25
aagah	aagaah	17	decided	owner batch-01 2026-09-25
waqai	waaqai	17	decided	owner batch-01 2026-09-25
tareef	taareef	16	decided	owner batch-01 2026-09-25
kitab	kitaab	16	decided	owner batch-01 2026-09-25
panah	panaah	16	decided	owner batch-01 2026-09-25
ghalib	ghalib	16	keep	owner 2026-09-25: ziyaada and ghalib are the house spellings
lao	laao	15	decided	owner batch-01 2026-09-25
nishaniyan	nishaaniyaan	15	decided	owner batch-01 2026-09-25
khayal	khayaal	15	decided	owner batch-01 2026-09-25
jayen	jaayen	14	decided	owner batch-01 2026-09-25
gunah	gunaah	14	decided	owner batch-01 2026-09-25
jinnat	jinnaat	14	decided	owner batch-01 2026-09-25
najat	najaat	13	decided	owner batch-01 2026-09-25
khwah	khwaah	13	decided	owner batch-01 2026-09-25
kuffar	kuffaar	13	decided	owner batch-01 2026-09-25
sarasar	saraasar	13	decided	owner batch-01 2026-09-25
dobara	dobaara	13	decided	owner batch-01 2026-09-25
dunyawi	dunyaawi	13	decided	owner batch-01 2026-09-25
wapas	waapas	13	decided	owner batch-01 2026-09-25
kharabi	kharaabi	13	decided	owner batch-01 2026-09-25
nihayat	nihaayat	12	decided	owner batch-01 2026-09-25
tamam	tamaam	12	decided	owner batch-01 2026-09-25
namazon	namaazon	12	decided	owner batch-01 2026-09-25
nikah	nikaah	12	decided	owner batch-01 2026-09-25
waaliyan	waaliyaan	12	decided	owner batch-01 2026-09-25
mukhalifat	mukhaalifat	12	decided	owner batch-01 2026-09-25
khwahishon	khwaahishon	11	decided	owner batch-01 2026-09-25
marne	marne	11	keep	owner Q7 2026-09-25: verb pair - suggested merge was wrong
hasil	haasil	11	decided	owner batch-01 2026-09-25
munafiq	munaafiq	11	decided	owner batch-01 2026-09-25
waqia	waaqia	11	decided	owner batch-01 2026-09-25
tayyar	tayyaar	11	decided	owner batch-01 2026-09-25
itaa'at	itaat	10	decided	owner batch-01 2026-09-25 (owner: ita'at, R5 drops the apostrophe)
jayenge	jaayenge	10	decided	owner batch-01 2026-09-25
gumrah	gumraah	10	decided	owner batch-01 2026-09-25
halanke	haalaanke	10	decided	owner batch-01 2026-09-25
darwaze	darwaaze	10	decided	owner batch-01 2026-09-25
roziyan	roziyaan	10	decided	owner batch-01 2026-09-25
ijazat	ijaazat	10	decided	owner batch-01 2026-09-25
dalail	dalaail	10	decided	owner batch-01 2026-09-25
paon	paaon	10	decided	owner batch-01 2026-09-25
nikalne	nikalne	10	keep	owner Q7 2026-09-25: verb pair - suggested merge was wrong
laye	laaye	9	decided	owner batch-01 2026-09-25
jaye	jaaye	9	decided	owner batch-01 2026-09-25
biwiyan	biwiyaan	9	decided	owner batch-01 2026-09-25
aazmaish	aazmaaish	9	decided	owner batch-01 2026-09-25
pa	pa	9	keep	owner Q7 2026-09-25: different word - suggested merge was wrong
ghulam	ghulaam	9	decided	owner batch-01 2026-09-25
farmata	farmaata	9	decided	owner batch-01 2026-09-25
banao	banaao	9	decided	owner batch-01 2026-09-25
gunahon	gunaahon	9	decided	owner batch-01 2026-09-25
rogardaani	rugardaani	9	decided	owner batch-01 2026-09-25 (owner: rugardaani)
nikalte	nikalte	9	keep	owner Q7 2026-09-25: verb pair - suggested merge was wrong
basharat	bashaarat	9	decided	owner batch-01 2026-09-25
intezar	intezaar	9	decided	owner batch-01 2026-09-25
na-shukra	naa-shukra	9	decided	owner batch-01 2026-09-25
walid	waalid	9	decided	owner batch-01 2026-09-25
barabar	baraabar	8	decided	owner batch-01 2026-09-25
ikhtiyar	ikhtiyaar	8	decided	owner batch-01 2026-09-25
khao	khaao	8	decided	owner batch-01 2026-09-25
jayega	jaayega	8	decided	owner batch-01 2026-09-25
bech	bech	8	keep	owner Q7 2026-09-25: different word - suggested merge was wrong
nafarmaani	naafarmaani	8	decided	owner batch-01 2026-09-25
ahl-e-kitab	ahl-e-kitaab	8	decided	owner batch-01 2026-09-25
zameen-o-aasman	zameen-o-aasmaan	8	decided	owner batch-01 2026-09-25
nishaniyon	nishaaniyon	8	needs-review	R1 auto: doubled form of a mixed cluster
pukar	pukaar	8	needs-review	R1 auto: doubled form of a mixed cluster
awaaz	aawaaz	8	needs-review	R1 auto: doubled form of a mixed cluster
gawahi	gawaahi	8	needs-review	R1 auto: doubled form of a mixed cluster
jhutlaya	jhutlaaya	8	needs-review	R1 auto: doubled form of a mixed cluster
thikana	thikaana	8	needs-review	R1 auto: doubled form of a mixed cluster
jaoge	jaaoge	8	needs-review	R1 auto: doubled form of a mixed cluster
bhari	bhari	8	keep	owner Q7 2026-09-25: different word - suggested merge was wrong
aasan	aasaan	8	needs-review	R1 auto: doubled form of a mixed cluster
shayad	shaayad	8	needs-review	R1 auto: doubled form of a mixed cluster
bari	bari	8	keep	owner Q7 2026-09-25: different word - suggested merge was wrong
shafaa'at	shafaat	7	decided	owner Q24 2026-09-25: ADR 0005 R5 lists shafaat
qaim	qaaim	7	needs-review	R1 auto: doubled form of a mixed cluster
jate	jaate	7	needs-review	R1 auto: doubled form of a mixed cluster
khushkhabriyan	khushkhabriyaan	7	needs-review	R1 auto: doubled form of a mixed cluster
nuqsan	nuqsaan	7	needs-review	R1 auto: doubled form of a mixed cluster
pakeeza	paakeeza	7	needs-review	R1 auto: doubled form of a mixed cluster
daryaft	daryaaft	7	needs-review	R1 auto: doubled form of a mixed cluster
aawaz	aawaaz	7	needs-review	R1 auto: doubled form of a mixed cluster
marte	marte	7	keep	owner Q7 2026-09-25: verb pair - suggested merge was wrong
bhed	bhed	7	keep	owner Q7 2026-09-25: different word - suggested merge was wrong
khayanat	khayaanat	7	needs-review	R1 auto: doubled form of a mixed cluster
kamyabi	kaamyaabi	7	needs-review	R1 auto: doubled form of a mixed cluster
ahd-o-paiman	ahd-o-paimaan	7	needs-review	R1 auto: doubled form of a mixed cluster
waste	waaste	7	needs-review	R1 auto: doubled form of a mixed cluster
nikalta	nikalta	7	keep	owner Q7 2026-09-25: verb pair - suggested merge was wrong
falah	falaah	6	needs-review	R1 auto: doubled form of a mixed cluster
baz	baaz	6	needs-review	R1 auto: doubled form of a mixed cluster
jata	jaata	6	needs-review	R1 auto: doubled form of a mixed cluster
batao	bataao	6	needs-review	R1 auto: doubled form of a mixed cluster
jana	jaana	6	needs-review	R1 auto: doubled form of a mixed cluster
tabedaari	taabedaari	6	needs-review	R1 auto: doubled form of a mixed cluster
nazil	naazil	6	needs-review	R1 auto: doubled form of a mixed cluster
ikhtilaf	ikhtilaaf	6	needs-review	R1 auto: doubled form of a mixed cluster
sikhaya	sikhaaya	6	needs-review	R1 auto: doubled form of a mixed cluster
razamandi	razaamandi	6	needs-review	R1 auto: doubled form of a mixed cluster
chahen	chaahen	6	needs-review	R1 auto: doubled form of a mixed cluster
nigah	nigaah	6	needs-review	R1 auto: doubled form of a mixed cluster
bhalai	bhalaai	6	needs-review	R1 auto: doubled form of a mixed cluster
istighfar	istighfaar	6	needs-review	R1 auto: doubled form of a mixed cluster
munafiqon	munaafiqon	6	needs-review	R1 auto: doubled form of a mixed cluster
muqable	muqaable	6	needs-review	R1 auto: doubled form of a mixed cluster
tareefen	tareefein	6	decided	owner 2026-09-26: plural nouns take -ein (R2 as written)
buraaiyan	buraaiyaan	6	needs-review	R1 auto: doubled form of a mixed cluster
ladkiyan	ladkiyaan	6	needs-review	R1 auto: doubled form of a mixed cluster
himayati	himaayati	6	needs-review	R1 auto: doubled form of a mixed cluster
kushada	kushaada	6	needs-review	R1 auto: doubled form of a mixed cluster
jam	jam	6	keep	owner Q7 2026-09-25: different word - suggested merge was wrong
aftab	aaftaab	6	needs-review	R1 auto: doubled form of a mixed cluster
nigahon	nigaahon	6	needs-review	R1 auto: doubled form of a mixed cluster
rahoon	rahoon	6	keep	owner Q7 2026-09-25: bad target - suggested merge was wrong
chalen	chalen	6	keep	owner Q7 2026-09-25: verb pair - suggested merge was wrong
chakhayenge	chakhaayenge	6	needs-review	R1 auto: doubled form of a mixed cluster
mehrbani	mehrbaani	6	needs-review	R1 auto: doubled form of a mixed cluster
jante	jaante	5	needs-review	R1 auto: doubled form of a mixed cluster
faida	faaida	5	needs-review	R1 auto: doubled form of a mixed cluster
pak	paak	5	needs-review	R1 auto: doubled form of a mixed cluster
zahir	zaahir	5	needs-review	R1 auto: doubled form of a mixed cluster
zakat	zakaat	5	needs-review	R1 auto: doubled form of a mixed cluster
ziyadati	ziyaadati	5	decided	owner 2026-09-25: ziyaada and ghalib are the house spellings
nafarmani	naafarmaani	5	needs-review	R1 auto: doubled form of a mixed cluster
aayat	aayaat	5	needs-review	R1 auto: doubled form of a mixed cluster
masjid-e-haram	masjid-e-haraam	5	needs-review	R1 auto: doubled form of a mixed cluster
ghulamon	ghulaamon	5	needs-review	R1 auto: doubled form of a mixed cluster
jati	jaati	5	needs-review	R1 auto: doubled form of a mixed cluster
waliyon	waaliyon	5	needs-review	R1 auto: doubled form of a mixed cluster
baadshahat	baadshaahat	5	needs-review	R1 auto: doubled form of a mixed cluster
pukaro	pukaaro	5	needs-review	R1 auto: doubled form of a mixed cluster
buraiyon	buraaiyon	5	needs-review	R1 auto: doubled form of a mixed cluster
kinare	kinaare	5	needs-review	R1 auto: doubled form of a mixed cluster
paband	paaband	5	needs-review	R1 auto: doubled form of a mixed cluster
sitaron	sitaaron	5	needs-review	R1 auto: doubled form of a mixed cluster
nigahen	nigahein	5	decided	owner 2026-09-26: plural nouns take -ein (R2 as written)
ontni	oontni	5	needs-review	R1 auto: doubled form of a mixed cluster
sazawaar	sazaawaar	5	needs-review	R1 auto: doubled form of a mixed cluster
tane	taane	5	needs-review	R1 auto: doubled form of a mixed cluster
tareefon	taareefon	5	needs-review	R1 auto: doubled form of a mixed cluster
deewana	deewaana	5	needs-review	R1 auto: doubled form of a mixed cluster
layenge	laayenge	4	needs-review	R1 auto: doubled form of a mixed cluster
janta	jaanta	4	needs-review	R1 auto: doubled form of a mixed cluster
banane	banaane	4	needs-review	R1 auto: doubled form of a mixed cluster
samne	saamne	4	needs-review	R1 auto: doubled form of a mixed cluster
baten	batein	4	decided	owner 2026-09-26: plural nouns take -ein (R2 as written)
israel	israeel	4	needs-review	R1 auto: doubled form of a mixed cluster
kitabon	kitaabon	4	needs-review	R1 auto: doubled form of a mixed cluster
sifarish	sifaarish	4	needs-review	R1 auto: doubled form of a mixed cluster
bare	baare	4	needs-review	R1 auto: doubled form of a mixed cluster
haram	haraam	4	needs-review	R1 auto: doubled form of a mixed cluster
lanat	laanat	4	needs-review	R1 auto: doubled form of a mixed cluster
shayateen	shayaateen	4	needs-review	R1 auto: doubled form of a mixed cluster
pahunchaye	pahunchaaye	4	needs-review	R1 auto: doubled form of a mixed cluster
kushadgi	kushaadgi	4	needs-review	R1 auto: doubled form of a mixed cluster
marna	marna	4	keep	owner Q7 2026-09-25: verb pair - suggested merge was wrong
hawaon	hawaaon	4	needs-review	R1 auto: doubled form of a mixed cluster
pabandi	paabandi	4	needs-review	R1 auto: doubled form of a mixed cluster
sabit	saabit	4	needs-review	R1 auto: doubled form of a mixed cluster
waqe	waaqe	4	needs-review	R1 auto: doubled form of a mixed cluster
qurbani	qurbaani	4	needs-review	R1 auto: doubled form of a mixed cluster
mutabiq	mutaabiq	4	needs-review	R1 auto: doubled form of a mixed cluster
gadhe	gaadhe	4	needs-review	R1 auto: doubled form of a mixed cluster
mara	mara	4	keep	owner Q7 2026-09-25: verb pair - suggested merge was wrong
mamla	maamla	4	needs-review	R1 auto: doubled form of a mixed cluster
insaf	insaaf	4	needs-review	R1 auto: doubled form of a mixed cluster
khata	khata	4	keep	owner Q7 2026-09-25: different word - suggested merge was wrong
lad	lad	4	keep	owner Q7 2026-09-25: different word - suggested merge was wrong
baadshahi	baadshaahi	4	needs-review	R1 auto: doubled form of a mixed cluster
imdad	imdaad	4	needs-review	R1 auto: doubled form of a mixed cluster
sabit-qadam	saabit-qadam	4	needs-review	R1 auto: doubled form of a mixed cluster
beemar	beemaar	4	needs-review	R1 auto: doubled form of a mixed cluster
ittila	ittilaa	4	needs-review	R1 auto: doubled form of a mixed cluster
tal	tal	4	keep	owner Q7 2026-09-25: different word - suggested merge was wrong
khasare	khasaare	4	needs-review	R1 auto: doubled form of a mixed cluster
batlao	batlaao	4	needs-review	R1 auto: doubled form of a mixed cluster
mayoos	maayoos	4	needs-review	R1 auto: doubled form of a mixed cluster
sifarishi	sifaarishi	4	needs-review	R1 auto: doubled form of a mixed cluster
barsaya	barsaaya	4	needs-review	R1 auto: doubled form of a mixed cluster
insanon	insaanon	4	needs-review	R1 auto: doubled form of a mixed cluster
ittiba	ittibaa	4	needs-review	R1 auto: doubled form of a mixed cluster
farmai	farmaai	4	needs-review	R1 auto: doubled form of a mixed cluster
khazanon	khazaanon	4	needs-review	R1 auto: doubled form of a mixed cluster
pyare	pyaare	4	needs-review	R1 auto: doubled form of a mixed cluster
saleh	saaleh	4	needs-review	R1 auto: doubled form of a mixed cluster
raah-yafta	raah-yaafta	4	needs-review	R1 auto: doubled form of a mixed cluster
dardnak	dardnaak	3	needs-review	R1 auto: doubled form of a mixed cluster
gumrahi	gumraahi	3	needs-review	R1 auto: doubled form of a mixed cluster
pahunchaya	pahunchaaya	3	needs-review	R1 auto: doubled form of a mixed cluster
misal	misl	3	decided	owner Q24 2026-09-25: all uses are مثل (Q19)
janib	jaanib	3	needs-review	R1 auto: doubled form of a mixed cluster
lautaye	lautaaye	3	needs-review	R1 auto: doubled form of a mixed cluster
pakeezgi	paakeezgi	3	needs-review	R1 auto: doubled form of a mixed cluster
chaho	chaaho	3	needs-review	R1 auto: doubled form of a mixed cluster
kafir	kaafir	3	needs-review	R1 auto: doubled form of a mixed cluster
bhalaiyon	bhalaaiyon	3	needs-review	R1 auto: doubled form of a mixed cluster
chahat	chaahat	3	needs-review	R1 auto: doubled form of a mixed cluster
pata	pata	3	keep	owner Q7 2026-09-25: different word - suggested merge was wrong
chaha	chaaha	3	needs-review	R1 auto: doubled form of a mixed cluster
ghafil	ghaafil	3	needs-review	R1 auto: doubled form of a mixed cluster
hazar	hazaar	3	needs-review	R1 auto: doubled form of a mixed cluster
shaitanon	shaitaanon	3	needs-review	R1 auto: doubled form of a mixed cluster
ayaat	aayaat	3	needs-review	R1 auto: doubled form of a mixed cluster
madadgar	madadgaar	3	needs-review	R1 auto: doubled form of a mixed cluster
payen	paayen	3	needs-review	R1 auto: doubled form of a mixed cluster
zaya	zaaya	3	needs-review	R1 auto: doubled form of a mixed cluster
halal	halaal	3	needs-review	R1 auto: doubled form of a mixed cluster
darwazon	darwaazon	3	needs-review	R1 auto: doubled form of a mixed cluster
dakhil	daakhil	3	needs-review	R1 auto: doubled form of a mixed cluster
khetiyan	khetiyaan	3	needs-review	R1 auto: doubled form of a mixed cluster
hifazat	hifaazat	3	needs-review	R1 auto: doubled form of a mixed cluster
tadaad	taadaad	3	needs-review	R1 auto: doubled form of a mixed cluster
badshah	baadshah	3	needs-review	R1 auto: doubled form of a mixed cluster
chunanche	chunaanche	3	needs-review	R1 auto: doubled form of a mixed cluster
kafi	kaafi	3	needs-review	R1 auto: doubled form of a mixed cluster
roogardani	rugardaani	3	decided	owner batch-01 2026-09-25 (same word)
sare	saare	3	needs-review	R1 auto: doubled form of a mixed cluster
qarar	qaraar	3	needs-review	R1 auto: doubled form of a mixed cluster
nafarmaan	naafarmaan	3	needs-review	R1 auto: doubled form of a mixed cluster
burai	buraai	3	needs-review	R1 auto: doubled form of a mixed cluster
kat	kat	3	keep	owner Q7 2026-09-25: different word - suggested merge was wrong
ad	aad	3	needs-review	R1 auto: doubled form of a mixed cluster
jhutlane	jhutlaane	3	needs-review	R1 auto: doubled form of a mixed cluster
mukhalif	mukhaalif	3	needs-review	R1 auto: doubled form of a mixed cluster
aawazen	aawazein	3	decided	owner 2026-09-26: plural nouns take -ein (R2 as written)
aasmanon-o-zameen	aasmaanon-o-zameen	3	decided	owner batch-01 2026-09-25: accepted words inside a compound only
jaoonga	jaaoonga	3	needs-review	R1 auto: doubled form of a mixed cluster
mehmani	mehmaani	3	needs-review	R1 auto: doubled form of a mixed cluster
waliyan	waaliyaan	3	needs-review	R1 auto: doubled form of a mixed cluster
miyan	miyaan	3	needs-review	R1 auto: doubled form of a mixed cluster
dawa	daawa	3	needs-review	R1 auto: doubled form of a mixed cluster
bahar	baahar	3	needs-review	R1 auto: doubled form of a mixed cluster
itminan	itminaan	3	needs-review	R1 auto: doubled form of a mixed cluster
akarat	akaarat	3	needs-review	R1 auto: doubled form of a mixed cluster
dozakhi	dozakhi	3	keep	owner Q7 2026-09-25: bad target - suggested merge was wrong
ihsan	ihsaan	3	needs-review	R1 auto: doubled form of a mixed cluster
halak	halaak	3	needs-review	R1 auto: doubled form of a mixed cluster
banaye	banaaye	3	needs-review	R1 auto: doubled form of a mixed cluster
dikhaye	dikhaaye	3	needs-review	R1 auto: doubled form of a mixed cluster
jhutlate	jhutlaate	3	needs-review	R1 auto: doubled form of a mixed cluster
intiqam	intiqaam	3	needs-review	R1 auto: doubled form of a mixed cluster
khalaiq	khalaaiq	3	needs-review	R1 auto: doubled form of a mixed cluster
mutalliq	mutaalliq	3	needs-review	R1 auto: doubled form of a mixed cluster
asar	asar	3	keep	owner Q7 2026-09-25: different word - suggested merge was wrong
zamana	zamaana	3	needs-review	R1 auto: doubled form of a mixed cluster
shukr-guzar	shukr-guzaar	3	needs-review	R1 auto: doubled form of a mixed cluster
sunaiye	sunaaiye	3	needs-review	R1 auto: doubled form of a mixed cluster
khamosh	khaamosh	3	needs-review	R1 auto: doubled form of a mixed cluster
jaya	jaaya	3	needs-review	R1 auto: doubled form of a mixed cluster
tari	taari	3	needs-review	R1 auto: doubled form of a mixed cluster
giraftar	giraftaar	3	needs-review	R1 auto: doubled form of a mixed cluster
imarat	imaarat	3	needs-review	R1 auto: doubled form of a mixed cluster
batata	bataata	3	needs-review	R1 auto: doubled form of a mixed cluster
jaunga	jaaunga	3	needs-review	R1 auto: doubled form of a mixed cluster
zamane	zamaane	3	needs-review	R1 auto: doubled form of a mixed cluster
utarte	utarte	3	keep	owner Q7 2026-09-25: verb pair - suggested merge was wrong
shayar	shaayar	3	needs-review	R1 auto: doubled form of a mixed cluster
bulaya	bulaaya	3	needs-review	R1 auto: doubled form of a mixed cluster
saa'at	saa-at	2	decided	R5 owner ruling 2026-09-25: saat would clash with seven
jahanon	jahaanon	2	needs-review	R1 auto: doubled form of a mixed cluster
malik	maalik	2	needs-review	R1 auto: doubled form of a mixed cluster
mal	mal	2	keep	owner Q7 2026-09-25: different word - suggested merge was wrong
darana	daraana	2	needs-review	R1 auto: doubled form of a mixed cluster
fasad	fasaad	2	needs-review	R1 auto: doubled form of a mixed cluster
aasmani	aasmaani	2	needs-review	R1 auto: doubled form of a mixed cluster
andheriyan	andheriyaan	2	needs-review	R1 auto: doubled form of a mixed cluster
ba-wujood	baa-wujood	2	needs-review	R1 auto: doubled form of a mixed cluster
raah-e-rast	raah-e-raast	2	needs-review	R1 auto: doubled form of a mixed cluster
lata	laata	2	needs-review	R1 auto: doubled form of a mixed cluster
kaahin	kahin	2	needs-review	R1 auto: rare doubled spelling looks like a typo; majority form kept
taabedari	taabedaari	2	needs-review	R1 auto: doubled form of a mixed cluster
farmaye	farmaaye	2	needs-review	R1 auto: doubled form of a mixed cluster
janon	jaanon	2	needs-review	R1 auto: doubled form of a mixed cluster
zaban	zabaan	2	needs-review	R1 auto: doubled form of a mixed cluster
paidawaar	paidaawaar	2	needs-review	R1 auto: doubled form of a mixed cluster
dikhata	dikhaata	2	needs-review	R1 auto: doubled form of a mixed cluster
musalmaano	musalmano	2	needs-review	R1 auto: rare doubled spelling looks like a typo; majority form kept
guman	gumaan	2	needs-review	R1 auto: doubled form of a mixed cluster
halakat	halaakat	2	needs-review	R1 auto: doubled form of a mixed cluster
ma	maa	2	needs-review	R1 auto: doubled form of a mixed cluster
ilawa	ilaawa	2	needs-review	R1 auto: doubled form of a mixed cluster
nikalna	nikalna	2	keep	owner Q7 2026-09-25: verb pair - suggested merge was wrong
ahkam	ahkaam	2	needs-review	R1 auto: doubled form of a mixed cluster
jayegi	jaayegi	2	needs-review	R1 auto: doubled form of a mixed cluster
badkaron	badkaaron	2	needs-review	R1 auto: doubled form of a mixed cluster
yahood-o-nasara	yahood-o-nasaara	2	needs-review	R1 auto: doubled form of a mixed cluster
darane	daraane	2	needs-review	R1 auto: doubled form of a mixed cluster
baton	baaton	2	needs-review	R1 auto: doubled form of a mixed cluster
kaaron	kaaron	2	keep	owner Q7 2026-09-25: bad target - suggested merge was wrong
tilawat	tilaawat	2	needs-review	R1 auto: doubled form of a mixed cluster
paya	paaya	2	needs-review	R1 auto: doubled form of a mixed cluster
awaz	aawaaz	2	needs-review	R1 auto: doubled form of a mixed cluster
khas	khaas	2	needs-review	R1 auto: doubled form of a mixed cluster
pukara	pukaara	2	needs-review	R1 auto: doubled form of a mixed cluster
mano	maano	2	needs-review	R1 auto: doubled form of a mixed cluster
musafiron	musaafiron	2	needs-review	R1 auto: doubled form of a mixed cluster
itteba	ittebaa	2	needs-review	R1 auto: doubled form of a mixed cluster
badaaiyan	badaaiyaan	2	needs-review	R1 auto: doubled form of a mixed cluster
talash	talaash	2	needs-review	R1 auto: doubled form of a mixed cluster
nikala	nikala	2	keep	owner Q7 2026-09-25: verb pair - suggested merge was wrong
baa-khabar	ba-khabar	2	needs-review	R1 auto: rare doubled spelling looks like a typo; majority form kept
lane	laane	2	needs-review	R1 auto: doubled form of a mixed cluster
sharab	sharaab	2	needs-review	R1 auto: doubled form of a mixed cluster
khairkhwahi	khairkhwaahi	2	needs-review	R1 auto: doubled form of a mixed cluster
bahami	baahami	2	needs-review	R1 auto: doubled form of a mixed cluster
lagaye	lagaaye	2	needs-review	R1 auto: doubled form of a mixed cluster
taleem	taaleem	2	needs-review	R1 auto: doubled form of a mixed cluster
baadshaah	baadshah	2	needs-review	R1 auto: rare doubled spelling looks like a typo; majority form kept
muqabla	muqaabla	2	needs-review	R1 auto: doubled form of a mixed cluster
be-niyaz	be-niyaaz	2	needs-review	R1 auto: doubled form of a mixed cluster
achanak	achaanak	2	needs-review	R1 auto: doubled form of a mixed cluster
malon	maalon	2	needs-review	R1 auto: doubled form of a mixed cluster
banata	banaata	2	needs-review	R1 auto: doubled form of a mixed cluster
chhudane	chhudaane	2	needs-review	R1 auto: doubled form of a mixed cluster
farmabardari	farmabardaari	2	needs-review	R1 auto: doubled form of a mixed cluster; NOTE: also missing n - owner to decide farmaanbardaari
laiq	laaiq	2	needs-review	R1 auto: doubled form of a mixed cluster
mani	mani	2	keep	owner Q7 2026-09-25: different word - suggested merge was wrong
sardar	sardaar	2	needs-review	R1 auto: doubled form of a mixed cluster
hawariyon	hawaariyon	2	needs-review	R1 auto: doubled form of a mixed cluster
chahti	chaahti	2	needs-review	R1 auto: doubled form of a mixed cluster
lana	laana	2	needs-review	R1 auto: doubled form of a mixed cluster
paoge	paaoge	2	needs-review	R1 auto: doubled form of a mixed cluster
ladai	ladaai	2	needs-review	R1 auto: doubled form of a mixed cluster
waqiat	waaqiaat	2	needs-review	R1 auto: doubled form of a mixed cluster
anjam	anjaam	2	needs-review	R1 auto: doubled form of a mixed cluster
hari	hari	2	keep	owner Q7 2026-09-25: different word - suggested merge was wrong
badgumaniyan	badgumaaniyan	2	needs-review	R1 auto: doubled form of a mixed cluster
namumkin	naamumkin	2	needs-review	R1 auto: doubled form of a mixed cluster
bigad	bigaad	2	needs-review	R1 auto: doubled form of a mixed cluster
ba-awaz-e-buland	ba-aawaz-e-buland	2	needs-review	R1 auto: doubled form of a mixed cluster
buraiyan	buraaiyaan	2	needs-review	R1 auto: doubled form of a mixed cluster
kaamyabi	kaamyaabi	2	needs-review	R1 auto: doubled form of a mixed cluster
pilaya	pilaaya	2	needs-review	R1 auto: doubled form of a mixed cluster
shahwat-rani	shahwat-raani	2	needs-review	R1 auto: doubled form of a mixed cluster
laundiyan	laundiyaan	2	needs-review	R1 auto: doubled form of a mixed cluster
khawind	khawind	2	keep	owner Q7 2026-09-25: bad target - suggested merge was wrong
khalain	khaalain	2	needs-review	R1 auto: doubled form of a mixed cluster
shaista	shaaista	2	needs-review	R1 auto: doubled form of a mixed cluster
rahat	raahat	2	needs-review	R1 auto: doubled form of a mixed cluster
dalen	daalen	2	needs-review	R1 auto: doubled form of a mixed cluster
pahunchana	pahunchaana	2	needs-review	R1 auto: doubled form of a mixed cluster
lihaza	lihaaza	2	needs-review	R1 auto: doubled form of a mixed cluster
hare	haare	2	needs-review	R1 auto: doubled form of a mixed cluster
irade	iraade	2	needs-review	R1 auto: doubled form of a mixed cluster
raah-e-hidayat	raah-e-hidaayat	2	needs-review	R1 auto: doubled form of a mixed cluster
shamil	shaamil	2	needs-review	R1 auto: doubled form of a mixed cluster
farmayega	farmaayega	2	needs-review	R1 auto: doubled form of a mixed cluster
ruswai	ruswaai	2	needs-review	R1 auto: doubled form of a mixed cluster
jahiliyat	jaahiliyat	2	needs-review	R1 auto: doubled form of a mixed cluster
bandhe	baandhe	2	needs-review	R1 auto: doubled form of a mixed cluster
rafaqat	rafaaqat	2	needs-review	R1 auto: doubled form of a mixed cluster
qabil-e-zikr	qaabil-e-zikr	2	needs-review	R1 auto: doubled form of a mixed cluster
tareekiyon	taareekiyon	2	needs-review	R1 auto: doubled form of a mixed cluster
sara	saara	2	needs-review	R1 auto: doubled form of a mixed cluster
guzarta	guzarta	2	keep	owner Q7 2026-09-25: verb pair - suggested merge was wrong
beemari	beemaari	2	needs-review	R1 auto: doubled form of a mixed cluster
tareeki	taareeki	2	needs-review	R1 auto: doubled form of a mixed cluster
sachchai	sachchaai	2	needs-review	R1 auto: doubled form of a mixed cluster
sawari	sawaari	2	needs-review	R1 auto: doubled form of a mixed cluster
talega	taalega	2	needs-review	R1 auto: doubled form of a mixed cluster
pahunchata	pahunchaata	2	needs-review	R1 auto: doubled form of a mixed cluster
salim	saalim	2	needs-review	R1 auto: doubled form of a mixed cluster
rawana	rawaana	2	needs-review	R1 auto: doubled form of a mixed cluster
qarabat-daron	qaraabat-daaron	2	needs-review	R1 auto: doubled form of a mixed cluster
khwaab	khwab	2	needs-review	R1 auto: rare doubled spelling looks like a typo; majority form kept
dikhai	dikhaai	2	needs-review	R1 auto: doubled form of a mixed cluster
khayenge	khaayenge	2	needs-review	R1 auto: doubled form of a mixed cluster
daimi	daaimi	2	needs-review	R1 auto: doubled form of a mixed cluster
neko-karon	neko-kaaron	2	needs-review	R1 auto: doubled form of a mixed cluster
dehati	dehaati	2	needs-review	R1 auto: doubled form of a mixed cluster
banai	banaai	2	needs-review	R1 auto: doubled form of a mixed cluster
faide	faaide	2	needs-review	R1 auto: doubled form of a mixed cluster
nishan-e-ibrat	nishaan-e-ibrat	2	needs-review	R1 auto: doubled form of a mixed cluster
ziyan-kaar	ziyaan-kaar	2	needs-review	R1 auto: doubled form of a mixed cluster
tawana	tawaana	2	needs-review	R1 auto: doubled form of a mixed cluster
farmanrawaai	farmaanrawaai	2	needs-review	R1 auto: doubled form of a mixed cluster
mehrban	mehrbaan	2	needs-review	R1 auto: doubled form of a mixed cluster
shukr-guzari	shukr-guzaari	2	needs-review	R1 auto: doubled form of a mixed cluster
andhi	aandhi	2	needs-review	R1 auto: doubled form of a mixed cluster
lagao	lagaao	2	needs-review	R1 auto: doubled form of a mixed cluster
budhape	budhaape	2	needs-review	R1 auto: doubled form of a mixed cluster
haalon	haalon	2	keep	owner Q7 2026-09-25: bad target - suggested merge was wrong
deewar	deewaar	2	needs-review	R1 auto: doubled form of a mixed cluster
zindagani-e-dunya	zindagaani-e-dunya	2	needs-review	R1 auto: doubled form of a mixed cluster
wail'	wail	1	needs-review	R5 apostrophe dropped; vowel run collapsed or result is short (homograph risk, e.g. saat) - confirm
ibtidaa'an	ibtidaan	1	needs-review	R5 apostrophe dropped; vowel run collapsed or result is short (homograph risk, e.g. saat) - confirm
itaa'at-guzaar	itaat-guzaar	1	decided	owner batch-01 2026-09-25 (same word)
fe'l	fel	1	needs-review	R5 apostrophe dropped; vowel run collapsed or result is short (homograph risk, e.g. saat) - confirm
ma'aasi	maasi	1	needs-review	R5 apostrophe dropped; vowel run collapsed or result is short (homograph risk, e.g. saat) - confirm
mustahiq-e-shafaa'at	mustahiq-e-shafaat	1	decided	owner Q24 2026-09-25: same word as shafaat
pehchana	pehchaana	1	needs-review	R1 auto: doubled form of a mixed cluster
jahalat	jahaalat	1	needs-review	R1 auto: doubled form of a mixed cluster
dikhane	dikhaane	1	needs-review	R1 auto: doubled form of a mixed cluster
late	laate	1	needs-review	R1 auto: doubled form of a mixed cluster
namaaz	namaz	1	needs-review	R1 auto: rare doubled spelling looks like a typo; majority form kept
utara	utara	1	keep	owner Q7 2026-09-25: verb pair - suggested merge was wrong
kafiron	kaafiron	1	needs-review	R1 auto: doubled form of a mixed cluster
islah	islaah	1	needs-review	R1 auto: doubled form of a mixed cluster
khabardar	khabardaar	1	needs-review	R1 auto: doubled form of a mixed cluster
layen	laayen	1	needs-review	R1 auto: doubled form of a mixed cluster
hojao	hojaao	1	needs-review	R1 auto: doubled form of a mixed cluster
mazaq	mazaaq	1	needs-review	R1 auto: doubled form of a mixed cluster
ungliyan	ungliyaan	1	needs-review	R1 auto: doubled form of a mixed cluster
bachao	bachaao	1	needs-review	R1 auto: doubled form of a mixed cluster
saf	saaf	1	needs-review	R1 auto: doubled form of a mixed cluster
uthane	uthaane	1	needs-review	R1 auto: doubled form of a mixed cluster
haalanke	haalaanke	1	needs-review	R1 auto: doubled form of a mixed cluster
thak	thaak	1	needs-review	R1 auto: doubled form of a mixed cluster
chhupate	chhupaate	1	needs-review	R1 auto: doubled form of a mixed cluster
chhupao	chhupaao	1	needs-review	R1 auto: doubled form of a mixed cluster
shaq	shaaq	1	needs-review	R1 auto: doubled form of a mixed cluster
mulaqaat	mulaaqaat	1	needs-review	R1 auto: doubled form of a mixed cluster
jane	jaane	1	needs-review	R1 auto: doubled form of a mixed cluster
khatayen	khatayein	1	decided	owner 2026-09-26: plural nouns take -ein (R2 as written)
dali	daali	1	needs-review	R1 auto: doubled form of a mixed cluster
maro	maro	1	keep	owner Q7 2026-09-25: verb pair - suggested merge was wrong
barah	baarah	1	needs-review	R1 auto: doubled form of a mixed cluster
pehchan	pehchaan	1	needs-review	R1 auto: doubled form of a mixed cluster
khane	khaane	1	needs-review	R1 auto: doubled form of a mixed cluster
nasara	nasaara	1	needs-review	R1 auto: doubled form of a mixed cluster
pahad	pahaad	1	needs-review	R1 auto: doubled form of a mixed cluster
tham	thaam	1	needs-review	R1 auto: doubled form of a mixed cluster
naujawan	naujawaan	1	needs-review	R1 auto: doubled form of a mixed cluster
hal	hal	1	keep	owner Q7 2026-09-25: different word - suggested merge was wrong
dala	daala	1	needs-review	R1 auto: doubled form of a mixed cluster
khwaahish	khwahish	1	needs-review	R1 auto: rare doubled spelling looks like a typo; majority form kept
khilaf	khilaaf	1	needs-review	R1 auto: doubled form of a mixed cluster
bahana	bahaana	1	needs-review	R1 auto: doubled form of a mixed cluster
iqrar	iqraar	1	needs-review	R1 auto: doubled form of a mixed cluster
shahid	shaahid	1	needs-review	R1 auto: doubled form of a mixed cluster
ruswayi	ruswaayi	1	needs-review	R1 auto: doubled form of a mixed cluster
ao	aao	1	needs-review	R1 auto: doubled form of a mixed cluster
sulaimaan	sulaiman	1	needs-review	R1 auto: rare doubled spelling looks like a typo; majority form kept
kash	kaash	1	needs-review	R1 auto: doubled form of a mixed cluster
sawab	sawaab	1	needs-review	R1 auto: doubled form of a mixed cluster
qadir	qaadir	1	needs-review	R1 auto: doubled form of a mixed cluster
khate	khaate	1	needs-review	R1 auto: doubled form of a mixed cluster
tabe	taabe	1	needs-review	R1 auto: doubled form of a mixed cluster
imam	imaam	1	needs-review	R1 auto: doubled form of a mixed cluster
banayi	banaayi	1	needs-review	R1 auto: doubled form of a mixed cluster
farmanbardari	farmaanbardaari	1	needs-review	R1 auto: doubled form of a mixed cluster
aaba-o-ajdaad	aabaa-o-ajdaad	1	needs-review	R1 auto: doubled form of a mixed cluster
ishaq	ishaaq	1	needs-review	R1 auto: doubled form of a mixed cluster
shahaadat	shahadat	1	needs-review	R1 auto: rare doubled spelling looks like a typo; majority form kept
sawal	sawaal	1	needs-review	R1 auto: doubled form of a mixed cluster
tabedaar	taabedaar	1	needs-review	R1 auto: doubled form of a mixed cluster
baqi	baaqi	1	needs-review	R1 auto: doubled form of a mixed cluster
pyas	pyaas	1	needs-review	R1 auto: doubled form of a mixed cluster
hidayat-yafta	hidayat-yaafta	1	needs-review	R1 auto: doubled form of a mixed cluster
phailaa	phaila	1	needs-review	R1 auto: rare doubled spelling looks like a typo; majority form kept
qudrat-e-ilahi	qudrat-e-ilaahi	1	needs-review	R1 auto: doubled form of a mixed cluster
taqat	taaqat	1	needs-review	R1 auto: doubled form of a mixed cluster
tabedaron	taabedaaron	1	needs-review	R1 auto: doubled form of a mixed cluster
nate	naate	1	needs-review	R1 auto: doubled form of a mixed cluster
dade	daade	1	needs-review	R1 auto: doubled form of a mixed cluster
parhezgar	parhezgaar	1	needs-review	R1 auto: doubled form of a mixed cluster
aasani	aasaani	1	needs-review	R1 auto: doubled form of a mixed cluster
ruko	rukoo	1	needs-review	R1 auto: doubled form of a mixed cluster
waaqee	waaqe	1	needs-review	R1 auto: rare doubled spelling looks like a typo; majority form kept
ba-ilm	baa-ilm	1	needs-review	R1 auto: doubled form of a mixed cluster
haq-o-batil	haq-o-baatil	1	needs-review	R1 auto: doubled form of a mixed cluster
musafir	musaafir	1	needs-review	R1 auto: doubled form of a mixed cluster
ehsan	ehsaan	1	needs-review	R1 auto: doubled form of a mixed cluster
qurban-gaah	qurbaan-gaah	1	needs-review	R1 auto: doubled form of a mixed cluster
wapsi	waapsi	1	needs-review	R1 auto: doubled form of a mixed cluster
zikr-e-ilahi	zikr-e-ilaahi	1	needs-review	R1 auto: doubled form of a mixed cluster
hisab	hisaab	1	needs-review	R1 auto: doubled form of a mixed cluster
napasand	naapasand	1	needs-review	R1 auto: doubled form of a mixed cluster
inteha	intehaa	1	needs-review	R1 auto: doubled form of a mixed cluster
rehmat-e-ilahi	rehmat-e-ilaahi	1	needs-review	R1 auto: doubled form of a mixed cluster
zaid	zaaid	1	needs-review	R1 auto: doubled form of a mixed cluster
taa-waqteke	taa-waqteke	1	keep	owner Q7 2026-09-25: bad target - suggested merge was wrong
bulata	bulaata	1	needs-review	R1 auto: doubled form of a mixed cluster
parhezgari	parhezgaari	1	needs-review	R1 auto: doubled form of a mixed cluster
burdbar	burdbaar	1	needs-review	R1 auto: doubled form of a mixed cluster
talluq	taalluq	1	needs-review	R1 auto: doubled form of a mixed cluster
tajawuz	tajaawuz	1	needs-review	R1 auto: doubled form of a mixed cluster
pahunchane	pahunchaane	1	needs-review	R1 auto: doubled form of a mixed cluster
razamand	razaamand	1	needs-review	R1 auto: doubled form of a mixed cluster
kamil	kaamil	1	needs-review	R1 auto: doubled form of a mixed cluster
waris	waaris	1	needs-review	R1 auto: doubled form of a mixed cluster
hawale	hawaale	1	needs-review	R1 auto: doubled form of a mixed cluster
lagaya	lagaaya	1	needs-review	R1 auto: doubled form of a mixed cluster
tadad	taadaad	1	needs-review	R1 auto: doubled form of a mixed cluster
mare	mare	1	keep	owner Q7 2026-09-25: verb pair - suggested merge was wrong
paighaambar	paighambar	1	needs-review	R1 auto: rare doubled spelling looks like a typo; majority form kept
sabit-qadmi	saabit-qadmi	1	needs-review	R1 auto: doubled form of a mixed cluster
qaum-e-kuffar	qaum-e-kuffaar	1	decided	owner batch-01 2026-09-25: accepted words inside a compound only
dafaa	dafa	1	needs-review	R1 auto: rare doubled spelling looks like a typo; majority form kept
ongh	ongh	1	keep	owner Q7 2026-09-25: bad target - suggested merge was wrong
maaboodon	maboodon	1	needs-review	R1 auto: rare doubled spelling looks like a typo; majority form kept
auliya	auliyaa	1	needs-review	R1 auto: doubled form of a mixed cluster
jilata	jilaata	1	needs-review	R1 auto: doubled form of a mixed cluster
marta	marta	1	keep	owner Q7 2026-09-25: verb pair - suggested merge was wrong
banate	banaate	1	needs-review	R1 auto: doubled form of a mixed cluster
baaliyan	baaliyaan	1	needs-review	R1 auto: doubled form of a mixed cluster
khairat	khairaat	1	needs-review	R1 auto: doubled form of a mixed cluster
bagh	baagh	1	needs-review	R1 auto: doubled form of a mixed cluster
be-parwah	be-parwaah	1	needs-review	R1 auto: doubled form of a mixed cluster
maloon	maloon	1	keep	owner Q7 2026-09-25: different word - suggested merge was wrong
deni	deni	1	keep	owner Q7 2026-09-25: verb pair - suggested merge was wrong
bachane	bachaane	1	needs-review	R1 auto: doubled form of a mixed cluster
chaupaye	chaupaaye	1	needs-review	R1 auto: doubled form of a mixed cluster
samaan	saamaan	1	needs-review	R1 auto: doubled form of a mixed cluster
saman	saamaan	1	needs-review	R1 auto: doubled form of a mixed cluster
rogardani	rugardaani	1	decided	owner batch-01 2026-09-25 (same word)
bhalaaiyan	bhalaaiyaan	1	needs-review	R1 auto: doubled form of a mixed cluster
jaandar	jaandaar	1	needs-review	R1 auto: doubled form of a mixed cluster
khandaan	khaandaan	1	needs-review	R1 auto: doubled form of a mixed cluster
jahilon	jaahilon	1	needs-review	R1 auto: doubled form of a mixed cluster
bataye	bataaye	1	needs-review	R1 auto: doubled form of a mixed cluster
iqrari	iqraari	1	needs-review	R1 auto: doubled form of a mixed cluster
nafarman	naafarmaan	1	needs-review	R1 auto: doubled form of a mixed cluster
farmabardar	farmabardaar	1	needs-review	R1 auto: doubled form of a mixed cluster
amaan	amaan	1	keep	owner Q7 2026-09-25: different word - suggested merge was wrong
ba-qaida	ba-qaaida	1	needs-review	R1 auto: doubled form of a mixed cluster
guzari	guzari	1	keep	owner Q7 2026-09-25: verb pair - suggested merge was wrong
raste	raaste	1	needs-review	R1 auto: doubled form of a mixed cluster
waqiaat	waaqiaat	1	needs-review	R1 auto: doubled form of a mixed cluster
naraazgi	naaraazgi	1	needs-review	R1 auto: doubled form of a mixed cluster
sunata	sunaata	1	needs-review	R1 auto: doubled form of a mixed cluster
khushiyan	khushiyaan	1	needs-review	R1 auto: doubled form of a mixed cluster
alamnaak	alamnak	1	needs-review	R1 auto: rare doubled spelling looks like a typo; majority form kept
manen	maanen	1	needs-review	R1 auto: doubled form of a mixed cluster
jari	jaari	1	needs-review	R1 auto: doubled form of a mixed cluster
aazmate	aazmaate	1	needs-review	R1 auto: doubled form of a mixed cluster
nadaani	naadaani	1	needs-review	R1 auto: doubled form of a mixed cluster
uthao	uthaao	1	needs-review	R1 auto: doubled form of a mixed cluster
malikon	malikon	1	keep	owner Q7 2026-09-25: bad target - suggested merge was wrong
qaide	qaaide	1	needs-review	R1 auto: doubled form of a mixed cluster
khwahishaat	khwaahishaat	1	needs-review	R1 auto: doubled form of a mixed cluster
nafarmaaniyan	naafarmaaniyaan	1	needs-review	R1 auto: doubled form of a mixed cluster
chahenge	chaahenge	1	needs-review	R1 auto: doubled form of a mixed cluster
bandha	baandha	1	needs-review	R1 auto: doubled form of a mixed cluster
aitiqad	aitiqaad	1	needs-review	R1 auto: doubled form of a mixed cluster
jayengi	jaayengi	1	needs-review	R1 auto: doubled form of a mixed cluster
chhaon	chhaaon	1	needs-review	R1 auto: doubled form of a mixed cluster
pahunchao	pahunchaao	1	needs-review	R1 auto: doubled form of a mixed cluster
inayat	inaayat	1	needs-review	R1 auto: doubled form of a mixed cluster
duayen	duayein	1	decided	owner 2026-09-26: plural nouns take -ein (R2 as written)
boda	boda	1	keep	owner Q7 2026-09-25: bad target - suggested merge was wrong
alawa	alaawa	1	needs-review	R1 auto: doubled form of a mixed cluster
lagaataar	lagataar	1	needs-review	R1 auto: rare doubled spelling looks like a typo; majority form kept
qayaam	qayaam	1	keep	owner Q7 2026-09-25: bad target - suggested merge was wrong
khiyanat	khiyaanat	1	needs-review	R1 auto: doubled form of a mixed cluster
napasandeeda	naapasandeeda	1	needs-review	R1 auto: doubled form of a mixed cluster
pukarte	pukaarte	1	needs-review	R1 auto: doubled form of a mixed cluster
karguzari	kaarguzaari	1	needs-review	R1 auto: doubled form of a mixed cluster
mail	mail	1	keep	owner Q7 2026-09-25: different word - suggested merge was wrong
rishtedar	rishtedaar	1	needs-review	R1 auto: doubled form of a mixed cluster
khwahish-e-nafs	khwaahish-e-nafs	1	needs-review	R1 auto: doubled form of a mixed cluster
udate	udaate	1	needs-review	R1 auto: doubled form of a mixed cluster
bachaya	bachaaya	1	needs-review	R1 auto: doubled form of a mixed cluster
pale	paale	1	needs-review	R1 auto: doubled form of a mixed cluster
deendari	deendaari	1	needs-review	R1 auto: doubled form of a mixed cluster
baa-imaan	ba-imaan	1	needs-review	R1 auto: rare doubled spelling looks like a typo; majority form kept
ilzam	ilzaam	1	needs-review	R1 auto: doubled form of a mixed cluster
baa-hikmat	ba-hikmat	1	needs-review	R1 auto: rare doubled spelling looks like a typo; majority form kept
dalna	daalna	1	needs-review	R1 auto: doubled form of a mixed cluster
salamati	salaamati	1	needs-review	R1 auto: doubled form of a mixed cluster
alam	alam	1	keep	owner Q7 2026-09-25: different word - suggested merge was wrong
zor-awar	zor-aawar	1	needs-review	R1 auto: doubled form of a mixed cluster
judai	judaai	1	needs-review	R1 auto: doubled form of a mixed cluster
sargardan	sargardaan	1	needs-review	R1 auto: doubled form of a mixed cluster
daalonga	daaloonga	1	needs-review	R1 auto: doubled form of a mixed cluster
parwardigar-e-alam	parwardigaar-e-alam	1	decided	owner batch-01 2026-09-25: accepted words inside a compound only
parsa	paarsa	1	needs-review	R1 auto: doubled form of a mixed cluster
muhafiz	muhaafiz	1	needs-review	R1 auto: doubled form of a mixed cluster
hadsa	haadsa	1	needs-review	R1 auto: doubled form of a mixed cluster
nakaam	naakaam	1	needs-review	R1 auto: doubled form of a mixed cluster
layega	laayega	1	needs-review	R1 auto: doubled form of a mixed cluster
malamat	malaamat	1	needs-review	R1 auto: doubled form of a mixed cluster
machate	machaate	1	needs-review	R1 auto: doubled form of a mixed cluster
risalat	risaalat	1	needs-review	R1 auto: doubled form of a mixed cluster
nafsani	nafsaani	1	needs-review	R1 auto: doubled form of a mixed cluster
dostiyan	dostiyaan	1	needs-review	R1 auto: doubled form of a mixed cluster
naraaz	naaraaz	1	needs-review	R1 auto: doubled form of a mixed cluster
imtihan	imtihaan	1	needs-review	R1 auto: doubled form of a mixed cluster
shamat	shaamat	1	needs-review	R1 auto: doubled form of a mixed cluster
ghate	ghate	1	keep	owner Q7 2026-09-25: different word - suggested merge was wrong
kotahi	kotaahi	1	needs-review	R1 auto: doubled form of a mixed cluster
lade	laade	1	needs-review	R1 auto: doubled form of a mixed cluster
zindagani	zindagaani	1	needs-review	R1 auto: doubled form of a mixed cluster
giran	giraan	1	needs-review	R1 auto: doubled form of a mixed cluster
naadanon	naadaanon	1	needs-review	R1 auto: doubled form of a mixed cluster
samat	samaat	1	needs-review	R1 auto: doubled form of a mixed cluster
darayen	daraayen	1	needs-review	R1 auto: doubled form of a mixed cluster
daraiye	daraaiye	1	needs-review	R1 auto: doubled form of a mixed cluster
jaldbazi	jaldbaazi	1	needs-review	R1 auto: doubled form of a mixed cluster
daryaon	daryaaon	1	needs-review	R1 auto: doubled form of a mixed cluster
tareek	taareek	1	needs-review	R1 auto: doubled form of a mixed cluster
kinara-kash	kinaara-kash	1	needs-review	R1 auto: doubled form of a mixed cluster
aasar	aasaar	1	needs-review	R1 auto: doubled form of a mixed cluster
pukaren	pukaaren	1	needs-review	R1 auto: doubled form of a mixed cluster
aaftab	aaftaab	1	needs-review	R1 auto: doubled form of a mixed cluster
aftaab	aaftaab	1	needs-review	R1 auto: doubled form of a mixed cluster
ilyas	ilyaas	1	needs-review	R1 auto: doubled form of a mixed cluster
mazameen	mazaameen	1	needs-review	R1 auto: doubled form of a mixed cluster
aitibar	aitibaar	1	needs-review	R1 auto: doubled form of a mixed cluster
khayalaat	khayaalaat	1	needs-review	R1 auto: doubled form of a mixed cluster
abad	abad	1	keep	owner Q7 2026-09-25: different word - suggested merge was wrong
aabad	aabaad	1	needs-review	R1 auto: doubled form of a mixed cluster
nafe	naafe	1	needs-review	R1 auto: doubled form of a mixed cluster
jaiz	jaaiz	1	needs-review	R1 auto: doubled form of a mixed cluster
baham	baaham	1	needs-review	R1 auto: doubled form of a mixed cluster
katne	kaatne	1	needs-review	R1 auto: doubled form of a mixed cluster
rehnumai	rehnumaai	1	needs-review	R1 auto: doubled form of a mixed cluster
badhaya	badhaaya	1	needs-review	R1 auto: doubled form of a mixed cluster
sharmgahon	sharmgaahon	1	needs-review	R1 auto: doubled form of a mixed cluster
aulaad-e-adam	aulaad-e-aadam	1	needs-review	R1 auto: doubled form of a mixed cluster
kamai	kamaai	1	needs-review	R1 auto: doubled form of a mixed cluster
maqam	maqaam	1	needs-review	R1 auto: doubled form of a mixed cluster
khaliq	khaaliq	1	needs-review	R1 auto: doubled form of a mixed cluster
marifat	maarifat	1	needs-review	R1 auto: doubled form of a mixed cluster
janasheen	jaanasheen	1	needs-review	R1 auto: doubled form of a mixed cluster
sardaaron	sardaron	1	needs-review	R1 auto: rare doubled spelling looks like a typo; majority form kept
uthaoge	uthaaoge	1	needs-review	R1 auto: doubled form of a mixed cluster
umara	umaraa	1	needs-review	R1 auto: doubled form of a mixed cluster
jadugar	jaadugar	1	needs-review	R1 auto: doubled form of a mixed cluster
harkaron	harkaaron	1	needs-review	R1 auto: doubled form of a mixed cluster
bajaye	bajaaye	1	needs-review	R1 auto: doubled form of a mixed cluster
shumar	shumaar	1	needs-review	R1 auto: doubled form of a mixed cluster
barqarar	barqaraar	1	needs-review	R1 auto: doubled form of a mixed cluster
pahunchayen	pahunchaayen	1	needs-review	R1 auto: doubled form of a mixed cluster
saiban	saibaan	1	needs-review	R1 auto: doubled form of a mixed cluster
kinara	kinaara	1	needs-review	R1 auto: doubled form of a mixed cluster
paki	paaki	1	needs-review	R1 auto: doubled form of a mixed cluster
sunate	sunaate	1	needs-review	R1 auto: doubled form of a mixed cluster
qanoon	qaanoon	1	needs-review	R1 auto: doubled form of a mixed cluster
qafila	qaafila	1	needs-review	R1 auto: doubled form of a mixed cluster
farman-bardari	farmaan-bardari	1	needs-review	R1 auto: doubled form of a mixed cluster
ukhad	ukhaad	1	needs-review	R1 auto: doubled form of a mixed cluster
sabr-o-sahara	sabr-o-sahaara	1	needs-review	R1 auto: doubled form of a mixed cluster
itrate	itraate	1	needs-review	R1 auto: doubled form of a mixed cluster
zeenat-dar	zeenat-daar	1	needs-review	R1 auto: doubled form of a mixed cluster
jandaron	jaandaaron	1	needs-review	R1 auto: doubled form of a mixed cluster
jaandaron	jaandaaron	1	needs-review	R1 auto: doubled form of a mixed cluster
dagha-bazi	dagha-baazi	1	needs-review	R1 auto: doubled form of a mixed cluster
taeed	taaeed	1	needs-review	R1 auto: doubled form of a mixed cluster
dalta	daalta	1	needs-review	R1 auto: doubled form of a mixed cluster
pahunchai	pahunchaai	1	needs-review	R1 auto: doubled form of a mixed cluster
ghati	ghaati	1	needs-review	R1 auto: doubled form of a mixed cluster
wadon	waadon	1	needs-review	R1 auto: doubled form of a mixed cluster
zabanon	zabaanon	1	needs-review	R1 auto: doubled form of a mixed cluster
tana-zani	taana-zani	1	needs-review	R1 auto: doubled form of a mixed cluster
badhate	badhaate	1	needs-review	R1 auto: doubled form of a mixed cluster
maal-o-aulad	maal-o-aulaad	1	needs-review	R1 auto: doubled form of a mixed cluster
imaan-dar	imaan-daar	1	needs-review	R1 auto: doubled form of a mixed cluster
badiya-nasheenon	baadiya-nasheenon	1	needs-review	R1 auto: doubled form of a mixed cluster
imandaron	imaandaaron	1	needs-review	R1 auto: doubled form of a mixed cluster
qiyam	qiyaam	1	needs-review	R1 auto: doubled form of a mixed cluster
thehraya	thehraaya	1	needs-review	R1 auto: doubled form of a mixed cluster
mangen	maangen	1	needs-review	R1 auto: doubled form of a mixed cluster
ainda	aainda	1	needs-review	R1 auto: doubled form of a mixed cluster
takan	takaan	1	needs-review	R1 auto: doubled form of a mixed cluster
maidaan	maidan	1	needs-review	R1 auto: rare doubled spelling looks like a typo; majority form kept
pana	paana	1	needs-review	R1 auto: doubled form of a mixed cluster
noorani	nooraani	1	needs-review	R1 auto: doubled form of a mixed cluster
baghon	baaghon	1	needs-review	R1 auto: doubled form of a mixed cluster
pukarta	pukaarta	1	needs-review	R1 auto: doubled form of a mixed cluster
laiye	laaiye	1	needs-review	R1 auto: doubled form of a mixed cluster
chaloon	chaloon	1	keep	owner Q7 2026-09-25: bad target - suggested merge was wrong
chalata	chalata	1	keep	owner Q7 2026-09-25: verb pair - suggested merge was wrong
nabatat	nabataat	1	needs-review	R1 auto: doubled form of a mixed cluster
siyahi	siyaahi	1	needs-review	R1 auto: doubled form of a mixed cluster
wafat	wafaat	1	needs-review	R1 auto: doubled form of a mixed cluster
khasara	khasaara	1	needs-review	R1 auto: doubled form of a mixed cluster
layi	laayi	1	needs-review	R1 auto: doubled form of a mixed cluster
hatane	hataane	1	needs-review	R1 auto: doubled form of a mixed cluster
chakhayen	chakhaayen	1	needs-review	R1 auto: doubled form of a mixed cluster
ziyan-kar	ziyaan-kaar	1	needs-review	R1 auto: doubled form of a mixed cluster
gharane	gharaane	1	needs-review	R1 auto: doubled form of a mixed cluster
peshani	peshaani	1	needs-review	R1 auto: doubled form of a mixed cluster
mehmanon	mehmaanon	1	needs-review	R1 auto: doubled form of a mixed cluster
ba-waqar	ba-waqaar	1	needs-review	R1 auto: doubled form of a mixed cluster
jaun	jaaun	1	needs-review	R1 auto: doubled form of a mixed cluster
poj	poj	1	keep	owner Q7 2026-09-25: bad target - suggested merge was wrong
taqatwar	taaqatwar	1	needs-review	R1 auto: doubled form of a mixed cluster
ghair-aabad	ghair-aabaad	1	needs-review	R1 auto: doubled form of a mixed cluster
kate	kaate	1	needs-review	R1 auto: doubled form of a mixed cluster
lautaya	lautaaya	1	needs-review	R1 auto: doubled form of a mixed cluster
khata-kaar	khataa-kaar	1	needs-review	R1 auto: doubled form of a mixed cluster
nishaanat	nishaanaat	1	needs-review	R1 auto: doubled form of a mixed cluster
saaz-o-samaan	saaz-o-saamaan	1	needs-review	R1 auto: doubled form of a mixed cluster
udaya	udaaya	1	needs-review	R1 auto: doubled form of a mixed cluster
wazahat	wazaahat	1	needs-review	R1 auto: doubled form of a mixed cluster
khudaon	khudaaon	1	needs-review	R1 auto: doubled form of a mixed cluster
dikhayen	dikhaayen	1	needs-review	R1 auto: doubled form of a mixed cluster
ghont	ghoont	1	needs-review	R1 auto: doubled form of a mixed cluster
rahnumai	rahnumaai	1	needs-review	R1 auto: doubled form of a mixed cluster
dabao	dabaao	1	needs-review	R1 auto: doubled form of a mixed cluster
darwaza	darwaaza	1	needs-review	R1 auto: doubled form of a mixed cluster
utarta	utarta	1	keep	owner Q7 2026-09-25: verb pair - suggested merge was wrong
chara	chaara	1	needs-review	R1 auto: doubled form of a mixed cluster
zabanen	zabanein	1	decided	owner 2026-09-26: plural nouns take -ein (R2 as written)
chakhaya	chakhaaya	1	needs-review	R1 auto: doubled form of a mixed cluster
mamooli	maamooli	1	needs-review	R1 auto: doubled form of a mixed cluster
bulaiye	bulaaiye	1	needs-review	R1 auto: doubled form of a mixed cluster
karsazi	kaarsaazi	1	needs-review	R1 auto: doubled form of a mixed cluster
dilaya	dilaaya	1	needs-review	R1 auto: doubled form of a mixed cluster
guzare	guzare	1	keep	owner Q7 2026-09-25: verb pair - suggested merge was wrong
girani	giraani	1	needs-review	R1 auto: doubled form of a mixed cluster
nishan	nishaan	1	needs-review	R1 auto: doubled form of a mixed cluster
mehmandari	mehmaandaari	1	needs-review	R1 auto: doubled form of a mixed cluster
deewaron	deewaaron	1	needs-review	R1 auto: doubled form of a mixed cluster
yajooj	yaajooj	1	needs-review	R1 auto: doubled form of a mixed cluster
majooj	maajooj	1	needs-review	R1 auto: doubled form of a mixed cluster
qarabat	qaraabat	1	needs-review	R1 auto: doubled form of a mixed cluster
intehai	intehaai	1	needs-review	R1 auto: doubled form of a mixed cluster
baa-barkat	ba-barkat	1	needs-review	R1 auto: rare doubled spelling looks like a typo; majority form kept
ghaaibana	ghaaibaana	1	needs-review	R1 auto: doubled form of a mixed cluster
ghaibana	ghaaibaana	1	needs-review	R1 auto: doubled form of a mixed cluster
ghaibaana	ghaaibaana	1	needs-review	R1 auto: doubled form of a mixed cluster
laun	laaun	1	needs-review	R1 auto: doubled form of a mixed cluster
tuwa	tuwaa	1	needs-review	R1 auto: doubled form of a mixed cluster
jhad	jhaad	1	needs-review	R1 auto: doubled form of a mixed cluster
mujawir	mujaawir	1	needs-review	R1 auto: doubled form of a mixed cluster
bala	bala	1	keep	owner Q7 2026-09-25: different word - suggested merge was wrong
makaanat	makaanat	1	keep	owner Q7 2026-09-25: bad target - suggested merge was wrong
dikhaoon	dikhaaoon	1	needs-review	R1 auto: doubled form of a mixed cluster
onton	oonton	1	needs-review	R1 auto: doubled form of a mixed cluster
zinakar	zinaakaar	1	needs-review	R1 auto: doubled form of a mixed cluster
khalaon	khaalaon	1	needs-review	R1 auto: doubled form of a mixed cluster
izafa	izaafa	1	needs-review	R1 auto: doubled form of a mixed cluster
mahtaab	maahtaab	1	needs-review	R1 auto: doubled form of a mixed cluster
tameer	taameer	1	needs-review	R1 auto: doubled form of a mixed cluster
hamaan	haamaan	1	needs-review	R1 auto: doubled form of a mixed cluster
behkaya	behkaaya	1	needs-review	R1 auto: doubled form of a mixed cluster
bad-amaliyan	bad-aamaaliyan	1	needs-review	R1 auto: doubled form of a mixed cluster
umeedwar	umeedwaar	1	needs-review	R1 auto: doubled form of a mixed cluster
sanwar	sanwaar	1	needs-review	R1 auto: doubled form of a mixed cluster
dikhao	dikhaao	1	needs-review	R1 auto: doubled form of a mixed cluster
sazawaar-e-hamd-o-sana	sazaawaar-e-hamd-o-sanaa	1	needs-review	R1 auto: doubled form of a mixed cluster
gawahiyan	gawaahiyan	1	needs-review	R1 auto: doubled form of a mixed cluster
sartabi	sartaabi	1	needs-review	R1 auto: doubled form of a mixed cluster
aasman-e-dunya	aasmaan-e-dunya	1	decided	owner batch-01 2026-09-25: accepted words inside a compound only
sawaal-o-jawab	sawaal-o-jawaab	1	decided	owner batch-01 2026-09-25: accepted words inside a compound only
baap-dadon	baap-daadon	1	decided	owner batch-01 2026-09-25: accepted words inside a compound only
nigahein	nigaahein	1	needs-review	R1 auto: doubled form of a mixed cluster
ziyan-karon	ziyan-kaaron	1	needs-review	R1 auto: doubled form of a mixed cluster
janti	jaanti	1	needs-review	R1 auto: doubled form of a mixed cluster
dhuan	dhuaan	1	needs-review	R1 auto: doubled form of a mixed cluster
khataon	khataaon	1	needs-review	R1 auto: doubled form of a mixed cluster
bareek	baareek	1	needs-review	R1 auto: doubled form of a mixed cluster
tapkaya	tapkaaya	1	needs-review	R1 auto: doubled form of a mixed cluster
kelon	kelon	1	keep	owner Q7 2026-09-25: different word - suggested merge was wrong
meeras	meeraas	1	needs-review	R1 auto: doubled form of a mixed cluster
kafiro	kaafiro	1	needs-review	R1 auto: doubled form of a mixed cluster
daroghe	daaroghe	1	needs-review	R1 auto: doubled form of a mixed cluster
koda	koda	1	keep	owner Q7 2026-09-25: bad target - suggested merge was wrong
jinhe	jinhein	30	decided	owner Q16 2026-09-25: parallel to R2
jinhen	jinhein	30	decided	owner Q16 2026-09-25: parallel to R2
mabood-e-bar-haq	mabood bar-haq	8	decided	owner Q14 2026-09-25: no izafat (amends ADR 0004)
rab	rabb	19	decided	owner Q20 2026-09-25: canonical Rabb (ADR 0004)
muttala	muttali	0	decided	owner Q24/Q29 2026-09-25
muttale	muttali	0	decided	owner Q24/Q29 2026-09-25
mudbhed	mudbher	0	decided	owner Q24/Q29 2026-09-25
chakhho	chakho	0	decided	owner Q24/Q29 2026-09-25
saaat	saa-at	0	decided	owner Q24/Q29 2026-09-25
bajz	bajuz	0	decided	owner Q24/Q29 2026-09-25
khaultay	khaulte	0	decided	owner Q24/Q29 2026-09-25
chaahtay	chaahte	0	decided	owner Q24/Q29 2026-09-25
roogardaani	rugardaani	0	decided	owner batch-01 2026-09-25 (same word)
ru-gardaani	rugardaani	0	decided	owner batch-01 2026-09-25 (same word)
roo-gardani	rugardaani	0	decided	owner batch-01 2026-09-25 (same word)
roogardaan	rugardaan	0	decided	owner batch-01 2026-09-25 (same word)
aasman-o-zameen	aasmaan-o-zameen	0	decided	owner batch-01 2026-09-25: same rule inside a compound
be-nikah	be-nikaah	0	decided	owner batch-01 2026-09-25: same rule inside a compound
falah-o-najat	falah-o-najaat	0	decided	owner batch-01 2026-09-25: same rule inside a compound
ghuroor-o-mukhalifat	ghuroor-o-mukhaalifat	0	decided	owner batch-01 2026-09-25: same rule inside a compound
giroh-e-jinnat-o-insaan	giroh-e-jinnaat-o-insaan	0	decided	owner batch-01 2026-09-25: same rule inside a compound
jamaat-e-jinnat	jamaat-e-jinnaat	0	decided	owner batch-01 2026-09-25: same rule inside a compound
jawab-deh	jawaab-deh	0	decided	owner batch-01 2026-09-25: same rule inside a compound
jawab-e-salaam	jawaab-e-salaam	0	decided	owner batch-01 2026-09-25: same rule inside a compound
khair-khwah	khair-khwaah	0	decided	owner batch-01 2026-09-25: same rule inside a compound
kitab-e-kamil	kitaab-e-kamil	0	decided	owner batch-01 2026-09-25: same rule inside a compound
na-maloom	na-maaloom	0	decided	owner batch-01 2026-09-25: same rule inside a compound
tasbeeh-o-tareef	tasbeeh-o-taareef	0	decided	owner batch-01 2026-09-25: same rule inside a compound
wada-e-ilahi	waada-e-ilahi	0	decided	owner batch-01 2026-09-25: same rule inside a compound
wada-khilaafi	waada-khilaafi	0	decided	owner batch-01 2026-09-25: same rule inside a compound
zyaada	ziyaada	0	decided	owner 2026-09-25: ziyaada and ghalib are the house spellings
zyadati	ziyaadati	0	decided	owner 2026-09-25: ziyaada and ghalib are the house spellings
ghaalib	ghalib	0	decided	owner 2026-09-25: ziyaada and ghalib are the house spellings
ghaalib-o-zabardast	ghalib-o-zabardast	0	decided	owner 2026-09-25: ziyaada and ghalib are the house spellings
ghaalib-o-daana	ghalib-o-daana	0	decided	owner 2026-09-25: ziyaada and ghalib are the house spellings
ghaalib-o-ba-hikmat	ghalib-o-ba-hikmat	0	decided	owner 2026-09-25: ziyaada and ghalib are the house spellings
buland-o-ghaalib	buland-o-ghalib	0	decided	owner 2026-09-25: ziyaada and ghalib are the house spellings
baaten	baatein	62	decided	owner 2026-09-26: plural nouns take -ein (R2 as written)
aayaten	aayatein	54	decided	owner 2026-09-26: plural nouns take -ein (R2 as written)
cheezen	cheezein	48	decided	owner 2026-09-26: plural nouns take -ein (R2 as written)
aankhen	aankhein	29	decided	owner 2026-09-26: plural nouns take -ein (R2 as written)
qasmen	qasmein	22	decided	owner 2026-09-26: plural nouns take -ein (R2 as written)
nahren	nahrein	19	decided	owner 2026-09-26: plural nouns take -ein (R2 as written)
daleelen	daleelein	19	decided	owner 2026-09-26: plural nouns take -ein (R2 as written)
nehren	nehrein	18	decided	owner 2026-09-26: plural nouns take -ein (R2 as written)
auraten	auratein	16	decided	owner 2026-09-26: plural nouns take -ein (R2 as written)
aurten	aurtein	14	decided	owner 2026-09-26: plural nouns take -ein (R2 as written)
misaalen	misaalein	11	decided	owner 2026-09-26: plural nouns take -ein (R2 as written)
khabren	khabrein	11	decided	owner 2026-09-26: plural nouns take -ein (R2 as written)
jannaten	jannatein	11	decided	owner 2026-09-26: plural nouns take -ein (R2 as written)
raahen	raahein	8	decided	owner 2026-09-26: plural nouns take -ein (R2 as written)
jamaaten	jamaatein	8	decided	owner 2026-09-26: plural nouns take -ein (R2 as written)
maayen	maayein	7	decided	owner 2026-09-26: plural nouns take -ein (R2 as written)
nematen	nematein	6	decided	owner 2026-09-26: plural nouns take -ein (R2 as written)
kitaaben	kitaabein	6	decided	owner 2026-09-26: plural nouns take -ein (R2 as written)
hooren	hoorein	6	decided	owner 2026-09-26: plural nouns take -ein (R2 as written)
hawaayen	hawaayein	6	decided	owner 2026-09-26: plural nouns take -ein (R2 as written)
namazen	namazein	5	decided	owner 2026-09-26: plural nouns take -ein (R2 as written)
ummaten	ummatein	4	decided	owner 2026-09-26: plural nouns take -ein (R2 as written)
sazaayen	sazaayein	4	decided	owner 2026-09-26: plural nouns take -ein (R2 as written)
nigaahen	nigaahein	4	decided	owner 2026-09-26: plural nouns take -ein (R2 as written)
nazren	nazrein	4	decided	owner 2026-09-26: plural nouns take -ein (R2 as written)
khataayen	khataayein	4	decided	owner 2026-09-26: plural nouns take -ein (R2 as written)
ghaneematen	ghaneematein	4	decided	owner 2026-09-26: plural nouns take -ein (R2 as written)
gaayen	gaayein	4	decided	owner 2026-09-26: plural nouns take -ein (R2 as written)
duaayen	duaayein	4	decided	owner 2026-09-26: plural nouns take -ein (R2 as written)
chaalen	chaalein	4	decided	owner 2026-09-26: plural nouns take -ein (R2 as written)
umeeden	umeedein	3	decided	owner 2026-09-26: plural nouns take -ein (R2 as written)
takleefen	takleefein	3	decided	owner 2026-09-26: plural nouns take -ein (R2 as written)
sooraten	sooratein	3	decided	owner 2026-09-26: plural nouns take -ein (R2 as written)
sharmgahen	sharmgahein	3	decided	owner 2026-09-26: plural nouns take -ein (R2 as written)
masjiden	masjidein	3	decided	owner 2026-09-26: plural nouns take -ein (R2 as written)
manzilen	manzilein	3	decided	owner 2026-09-26: plural nouns take -ein (R2 as written)
faujen	faujein	3	decided	owner 2026-09-26: plural nouns take -ein (R2 as written)
behnen	behnein	3	decided	owner 2026-09-26: plural nouns take -ein (R2 as written)
tadbeeren	tadbeerein	2	decided	owner 2026-09-26: plural nouns take -ein (R2 as written)
taareefen	taareefein	2	decided	owner 2026-09-26: plural nouns take -ein (R2 as written)
saffen	saffein	2	decided	owner 2026-09-26: plural nouns take -ein (R2 as written)
rangaten	rangatein	2	decided	owner 2026-09-26: plural nouns take -ein (R2 as written)
rahmaten	rahmatein	2	decided	owner 2026-09-26: plural nouns take -ein (R2 as written)
museebaten	museebatein	2	decided	owner 2026-09-26: plural nouns take -ein (R2 as written)
maujen	maujein	2	decided	owner 2026-09-26: plural nouns take -ein (R2 as written)
jagahen	jagahein	2	decided	owner 2026-09-26: plural nouns take -ein (R2 as written)
ibraten	ibratein	2	decided	owner 2026-09-26: plural nouns take -ein (R2 as written)
haden	hadein	2	decided	owner 2026-09-26: plural nouns take -ein (R2 as written)
hadden	haddein	2	decided	owner 2026-09-26: plural nouns take -ein (R2 as written)
farmaishen	farmaishein	2	decided	owner 2026-09-26: plural nouns take -ein (R2 as written)
eezayen	eezayein	2	decided	owner 2026-09-26: plural nouns take -ein (R2 as written)
chaadaren	chaadarein	2	decided	owner 2026-09-26: plural nouns take -ein (R2 as written)
barkaten	barkatein	2	decided	owner 2026-09-26: plural nouns take -ein (R2 as written)
baarishen	baarishein	2	decided	owner 2026-09-26: plural nouns take -ein (R2 as written)
zirhen	zirhein	1	decided	owner 2026-09-26: plural nouns take -ein (R2 as written)
zanjeeren	zanjeerein	1	decided	owner 2026-09-26: plural nouns take -ein (R2 as written)
zakaaten	zakaatein	1	decided	owner 2026-09-26: plural nouns take -ein (R2 as written)
zabaanen	zabaanein	1	decided	owner 2026-09-26: plural nouns take -ein (R2 as written)
waardaaten	waardaatein	1	decided	owner 2026-09-26: plural nouns take -ein (R2 as written)
umren	umrein	1	decided	owner 2026-09-26: plural nouns take -ein (R2 as written)
ummeeden	ummeedein	1	decided	owner 2026-09-26: plural nouns take -ein (R2 as written)
ujraten	ujratein	1	decided	owner 2026-09-26: plural nouns take -ein (R2 as written)
tamannaayen	tamannaayein	1	decided	owner 2026-09-26: plural nouns take -ein (R2 as written)
talaaqen	talaaqein	1	decided	owner 2026-09-26: plural nouns take -ein (R2 as written)
rehmaten	rehmatein	1	decided	owner 2026-09-26: plural nouns take -ein (R2 as written)
raaten	raatein	1	decided	owner 2026-09-26: plural nouns take -ein (R2 as written)
qaumen	qaumein	1	decided	owner 2026-09-26: plural nouns take -ein (R2 as written)
qanaaten	qanaatein	1	decided	owner 2026-09-26: plural nouns take -ein (R2 as written)
qabren	qabrein	1	decided	owner 2026-09-26: plural nouns take -ein (R2 as written)
peethen	peethein	1	decided	owner 2026-09-26: plural nouns take -ein (R2 as written)
nawaazishen	nawaazishein	1	decided	owner 2026-09-26: plural nouns take -ein (R2 as written)
naslen	naslein	1	decided	owner 2026-09-26: plural nouns take -ein (R2 as written)
naseehaten	naseehatein	1	decided	owner 2026-09-26: plural nouns take -ein (R2 as written)
naimaten	naimatein	1	decided	owner 2026-09-26: plural nouns take -ein (R2 as written)
muddaten	muddatein	1	decided	owner 2026-09-26: plural nouns take -ein (R2 as written)
mohren	mohrein	1	decided	owner 2026-09-26: plural nouns take -ein (R2 as written)
meikhen	meikhein	1	decided	owner 2026-09-26: plural nouns take -ein (R2 as written)
mehnaten	mehnatein	1	decided	owner 2026-09-26: plural nouns take -ein (R2 as written)
masnaden	masnadein	1	decided	owner 2026-09-26: plural nouns take -ein (R2 as written)
lehren	lehrein	1	decided	owner 2026-09-26: plural nouns take -ein (R2 as written)
lahren	lahrein	1	decided	owner 2026-09-26: plural nouns take -ein (R2 as written)
laanaten	laanatein	1	decided	owner 2026-09-26: plural nouns take -ein (R2 as written)
koshishen	koshishein	1	decided	owner 2026-09-26: plural nouns take -ein (R2 as written)
khajooren	khajoorein	1	decided	owner 2026-09-26: plural nouns take -ein (R2 as written)
khaalaayen	khaalaayein	1	decided	owner 2026-09-26: plural nouns take -ein (R2 as written)
karwaten	karwatein	1	decided	owner 2026-09-26: plural nouns take -ein (R2 as written)
kahaawaten	kahaawatein	1	decided	owner 2026-09-26: plural nouns take -ein (R2 as written)
jaden	jadein	1	decided	owner 2026-09-26: plural nouns take -ein (R2 as written)
imaaraten	imaaratein	1	decided	owner 2026-09-26: plural nouns take -ein (R2 as written)
ibaadaten	ibaadatein	1	decided	owner 2026-09-26: plural nouns take -ein (R2 as written)
hurmaten	hurmatein	1	decided	owner 2026-09-26: plural nouns take -ein (R2 as written)
ghizaayen	ghizaayein	1	decided	owner 2026-09-26: plural nouns take -ein (R2 as written)
ghanimaten	ghanimatein	1	decided	owner 2026-09-26: plural nouns take -ein (R2 as written)
gardanen	gardanein	1	decided	owner 2026-09-26: plural nouns take -ein (R2 as written)
faslen	faslein	1	decided	owner 2026-09-26: plural nouns take -ein (R2 as written)
fariyaden	fariyadein	1	decided	owner 2026-09-26: plural nouns take -ein (R2 as written)
degen	degein	1	decided	owner 2026-09-26: plural nouns take -ein (R2 as written)
deewaaren	deewaarein	1	decided	owner 2026-09-26: plural nouns take -ein (R2 as written)
chhaten	chhatein	1	decided	owner 2026-09-26: plural nouns take -ein (R2 as written)
buniyaaden	buniyaadein	1	decided	owner 2026-09-26: plural nouns take -ein (R2 as written)
bateren	baterein	1	decided	owner 2026-09-26: plural nouns take -ein (R2 as written)
barakaten	barakatein	1	decided	owner 2026-09-26: plural nouns take -ein (R2 as written)
amaanaten	amaanatein	1	decided	owner 2026-09-26: plural nouns take -ein (R2 as written)
alaamaten	alaamatein	1	decided	owner 2026-09-26: plural nouns take -ein (R2 as written)
afwaahen	afwaahein	1	decided	owner 2026-09-26: plural nouns take -ein (R2 as written)
aawaazen	aawaazein	1	decided	owner 2026-09-26: plural nouns take -ein (R2 as written)
aarzooen	aarzooein	1	decided	owner 2026-09-26: plural nouns take -ein (R2 as written)
